{
  "task_amount": 50,
  "stage2_status": "OPTIMAL",
  "stage2_max_load": 30105,
  "stage3_status": "OPTIMAL",
  "stage3_makespan_s": 29095,
  "stage3_s_min": 0,
  "stage3_s_max": 29095,
  "stage1_time_s": 3.212557315826416,
  "stage2+3_time_s": 4.585703372955322,
  "total_time_s": 7.798260688781738,
  "timestamp": "2026-01-15T14:33:33.689557"
}