{
  "task_amount": 25,
  "stage2_status": "OPTIMAL",
  "stage2_max_load": 15293,
  "stage3_status": "OPTIMAL",
  "stage3_makespan_s": 14825,
  "stage3_s_min": 0,
  "stage3_s_max": 14825,
  "stage1_time_s": 0.8516294956207275,
  "stage2+3_time_s": 0.896904468536377,
  "total_time_s": 1.7485339641571045,
  "timestamp": "2026-01-15T14:33:23.393070"
}