{
  "task_amount": 100,
  "stage3_makespan_s": 65582.01076373542,
  "total_time": 595.7877447605133,
  "timestamp": "2026-01-16T12:16:00.331036"
}