{
  "task_amount": 75,
  "stage3_makespan_s": 48191.00831070542,
  "total_time": 336.47039890289307,
  "timestamp": "2026-01-16T12:06:01.875953"
}