{
  "task_amount": 50,
  "stage3_makespan_s": 32227.831921694768,
  "total_time": 131.08741068840027,
  "timestamp": "2026-01-16T12:00:22.295744"
}