{
  "task_amount": 25,
  "stage3_makespan_s": 15818.846758799087,
  "total_time": 38.48311924934387,
  "timestamp": "2026-01-16T11:58:08.869494"
}