{
  "task_amount": 100,
  "stage1_obj": 241742.21237861778,
  "stage2_max_load": 60516.663566500305,
  "stage3_makespan_s": 69178.50362946404,
  "total_time": 0.3034944534301758,
  "timestamp": "2026-02-09T16:20:01.078939"
}