{
  "task_amount": 50,
  "stage1_obj": 120404.84738230507,
  "stage2_max_load": 30927.528005841108,
  "stage3_makespan_s": 34655.82538457272,
  "total_time": 0.10278010368347168,
  "timestamp": "2026-02-09T16:19:57.981971"
}