{
  "task_amount": 25,
  "stage1_obj": 61159.94693619301,
  "stage2_max_load": 16247.928111234713,
  "stage3_makespan_s": 20318.84675879909,
  "total_time": 0.047568559646606445,
  "timestamp": "2026-02-09T16:19:56.578561"
}