{
  "task_amount": 75,
  "stage1_obj": 178592.3086342775,
  "stage2_max_load": 44924.34584791194,
  "stage3_makespan_s": 55586.3034796057,
  "total_time": 0.2959628105163574,
  "timestamp": "2026-02-09T16:19:59.481819"
}